{"properties":{"connectionReferences":{"shared_sharepointonline":{"runtimeSource":"embedded","connection":{},"api":{"name":"shared_sharepointonline"}}},"definition":{"$schema":"https://schema.management.azure.com/providers/Microsoft.Logic/schemas/2016-06-01/workflowdefinition.json#","contentVersion":"1.0.0.0","parameters":{"$connections":{"defaultValue":{},"type":"Object"},"$authentication":{"defaultValue":{},"type":"SecureObject"}},"triggers":{"When_an_item_or_a_file_is_modified":{"recurrence":{"interval":1,"frequency":"Minute"},"splitOn":"@triggerOutputs()?['body/value']","type":"OpenApiConnection","inputs":{"host":{"connectionName":"shared_sharepointonline","operationId":"GetOnChangedItems","apiId":"/providers/Microsoft.PowerApps/apis/shared_sharepointonline"},"parameters":{"dataset":"https://gov210645.sharepoint.com/sites/VehicleReservation","table":"VehicleReservationTool"},"authentication":"@parameters('$authentication')"}}},"actions":{"Condition":{"actions":{"Update_item":{"runAfter":{},"type":"OpenApiConnection","inputs":{"host":{"connectionName":"shared_sharepointonline","operationId":"PatchItem","apiId":"/providers/Microsoft.PowerApps/apis/shared_sharepointonline"},"parameters":{"dataset":"https://gov210645.sharepoint.com/sites/VehicleReservation","table":"VehicleReservationTool","id":"@outputs('Get_item')?['body/ID']","item/EventDate":"@outputs('Get_item')?['body/EventDate']","item/EndDate":"@outputs('Get_item')?['body/EventDate']","item/Title":"@{outputs('Get_item')?['body/Title']}-Closed","item/Status/Value":"Closed"},"authentication":"@parameters('$authentication')"}}},"runAfter":{"Get_item":["Succeeded"]},"else":{"actions":{"Compose":{"runAfter":{},"type":"Compose","inputs":"@outputs('Get_item')?['body/StartMile']"}}},"expression":{"and":[{"greater":["@outputs('Get_item')?['body/EndMiles']",0]},{"not":{"contains":["@outputs('Get_item')?['body/Title']","Closed"]}}]},"type":"If"},"Get_item":{"runAfter":{},"type":"OpenApiConnection","inputs":{"host":{"connectionName":"shared_sharepointonline","operationId":"GetItem","apiId":"/providers/Microsoft.PowerApps/apis/shared_sharepointonline"},"parameters":{"dataset":"https://gov210645.sharepoint.com/sites/VehicleReservation","table":"VehicleReservationTool","id":"@triggerOutputs()?['body/ID']"},"authentication":"@parameters('$authentication')"}}},"outputs":{}}},"schemaVersion":"1.0.0.0"}